world_id,gold_label,decoder_pred,argmax_pred,fixed_pred,loow_pred
eval_world_000000,Unknown,True,True,True,True
eval_world_000000,Unknown,True,True,True,True
eval_world_000000,Unknown,True,True,True,True
eval_world_000000,Unknown,True,True,True,True
eval_world_000000,Unknown,True,True,True,True
eval_world_000000,Unknown,True,True,True,True
eval_world_000000,Unknown,True,True,True,True
eval_world_000000,Unknown,True,True,True,True
eval_world_000000,True,True,True,True,True
eval_world_000000,True,True,True,True,True
eval_world_000000,True,True,True,True,True
eval_world_000000,True,True,True,True,True
eval_world_000000,True,True,True,True,True
eval_world_000000,True,True,True,True,True
eval_world_000000,True,True,True,True,True
eval_world_000000,True,True,True,True,True
eval_world_000000,False,True,True,True,True
eval_world_000000,False,True,True,True,True
eval_world_000000,False,True,True,True,True
eval_world_000000,False,True,True,True,True
eval_world_000000,False,True,True,True,True
eval_world_000000,False,True,True,True,True
eval_world_000000,False,True,True,True,True
eval_world_000000,False,True,True,True,True
eval_world_000000,True,True,True,True,True
eval_world_000000,True,True,True,True,True
eval_world_000000,True,True,True,True,True
eval_world_000000,True,True,True,True,True
eval_world_000000,True,True,True,True,True
eval_world_000000,True,True,True,True,True
eval_world_000000,True,True,True,True,True
eval_world_000000,True,True,True,True,True
eval_world_000000,False,True,True,True,True
eval_world_000000,False,True,True,True,True
eval_world_000000,False,True,True,False,False
eval_world_000000,False,False,False,False,False
eval_world_000000,False,True,True,True,True
eval_world_000000,False,True,True,True,True
eval_world_000000,False,True,True,False,False
eval_world_000000,False,False,False,False,False
eval_world_000000,True,True,True,True,True
eval_world_000000,True,True,True,True,True
eval_world_000000,True,True,True,True,True
eval_world_000000,True,True,True,True,True
eval_world_000000,True,True,True,True,True
eval_world_000000,True,True,True,True,True
eval_world_000000,True,True,True,True,True
eval_world_000000,True,True,True,True,True
eval_world_000000,Unknown,True,True,True,True
eval_world_000000,Unknown,True,True,True,True
eval_world_000000,Unknown,True,True,True,True
eval_world_000000,Unknown,True,True,True,True
eval_world_000000,Unknown,True,True,True,True
eval_world_000000,Unknown,True,True,True,True
eval_world_000000,Unknown,True,True,True,True
eval_world_000000,Unknown,True,True,True,True
eval_world_000000,False,True,True,True,True
eval_world_000000,False,True,True,True,True
eval_world_000000,False,True,True,True,True
eval_world_000000,False,True,True,True,True
eval_world_000000,False,True,True,True,True
eval_world_000000,False,True,True,True,True
eval_world_000000,False,True,True,True,True
eval_world_000000,False,True,True,True,True
eval_world_000000,Unknown,True,True,True,True
eval_world_000000,Unknown,True,True,True,True
eval_world_000000,Unknown,True,True,True,True
eval_world_000000,Unknown,True,True,True,True
eval_world_000000,Unknown,True,True,True,True
eval_world_000000,Unknown,True,True,True,True
eval_world_000000,Unknown,True,True,True,True
eval_world_000000,Unknown,True,True,True,True
eval_world_000001,True,True,True,True,True
eval_world_000001,True,True,True,True,True
eval_world_000001,True,True,True,True,True
eval_world_000001,True,True,True,True,True
eval_world_000001,True,True,True,True,True
eval_world_000001,True,True,True,True,True
eval_world_000001,True,True,True,True,True
eval_world_000001,True,True,True,True,True
eval_world_000001,False,True,True,True,True
eval_world_000001,False,True,True,True,True
eval_world_000001,False,True,True,True,True
eval_world_000001,False,True,True,True,True
eval_world_000001,False,True,True,True,True
eval_world_000001,False,True,True,True,True
eval_world_000001,False,True,True,True,True
eval_world_000001,False,True,True,True,True
eval_world_000001,Unknown,True,True,True,True
eval_world_000001,Unknown,True,True,True,True
eval_world_000001,Unknown,True,True,True,True
eval_world_000001,Unknown,True,True,True,True
eval_world_000001,Unknown,True,True,True,True
eval_world_000001,Unknown,True,True,True,True
eval_world_000001,Unknown,True,True,True,True
eval_world_000001,Unknown,True,True,True,True
eval_world_000001,False,True,True,True,True
eval_world_000001,False,True,True,True,True
eval_world_000001,False,True,True,True,True
eval_world_000001,False,True,True,True,True
eval_world_000001,False,True,True,True,True
eval_world_000001,False,True,True,True,True
eval_world_000001,False,True,True,True,True
eval_world_000001,False,True,True,True,True
eval_world_000001,True,True,True,True,True
eval_world_000001,True,True,True,True,True
eval_world_000001,True,True,True,True,True
eval_world_000001,True,True,True,True,True
eval_world_000001,True,True,True,True,True
eval_world_000001,True,True,True,True,True
eval_world_000001,True,True,True,True,True
eval_world_000001,True,True,True,True,True
eval_world_000001,Unknown,True,True,True,True
eval_world_000001,Unknown,True,True,True,True
eval_world_000001,Unknown,True,True,True,True
eval_world_000001,Unknown,True,True,True,True
eval_world_000001,Unknown,True,True,True,True
eval_world_000001,Unknown,True,True,True,True
eval_world_000001,Unknown,True,True,True,True
eval_world_000001,Unknown,True,True,True,True
eval_world_000001,False,True,True,True,True
eval_world_000001,False,True,True,True,True
eval_world_000001,False,True,True,True,True
eval_world_000001,False,True,True,True,True
eval_world_000001,False,True,True,True,True
eval_world_000001,False,True,True,True,True
eval_world_000001,False,True,True,True,True
eval_world_000001,False,True,True,True,True
eval_world_000001,Unknown,True,True,True,True
eval_world_000001,Unknown,True,True,True,True
eval_world_000001,Unknown,True,True,True,True
eval_world_000001,Unknown,True,True,True,True
eval_world_000001,Unknown,True,True,True,True
eval_world_000001,Unknown,True,True,True,True
eval_world_000001,Unknown,True,True,True,True
eval_world_000001,Unknown,True,True,True,True
eval_world_000001,True,True,True,True,True
eval_world_000001,True,True,True,True,True
eval_world_000001,True,True,True,True,True
eval_world_000001,True,True,True,True,True
eval_world_000001,True,True,True,True,True
eval_world_000001,True,True,True,True,True
eval_world_000001,True,True,True,True,True
eval_world_000001,True,True,True,True,True
eval_world_000002,Unknown,True,True,True,False
eval_world_000002,Unknown,False,False,False,False
eval_world_000002,Unknown,False,False,False,False
eval_world_000002,Unknown,True,True,True,False
eval_world_000002,Unknown,True,True,True,False
eval_world_000002,Unknown,False,False,False,False
eval_world_000002,Unknown,False,False,False,False
eval_world_000002,Unknown,True,True,True,False
eval_world_000002,True,True,True,True,True
eval_world_000002,True,True,True,True,True
eval_world_000002,True,True,True,True,True
eval_world_000002,True,True,True,True,True
eval_world_000002,True,True,True,True,True
eval_world_000002,True,True,True,True,True
eval_world_000002,True,True,True,True,True
eval_world_000002,True,True,True,True,True
eval_world_000002,False,True,True,True,True
eval_world_000002,False,True,True,True,True
eval_world_000002,False,True,True,True,True
eval_world_000002,False,True,True,True,True
eval_world_000002,False,True,True,True,True
eval_world_000002,False,True,True,True,True
eval_world_000002,False,True,True,True,True
eval_world_000002,False,True,True,True,True
eval_world_000002,False,True,True,True,True
eval_world_000002,False,True,True,True,False
eval_world_000002,False,True,True,True,True
eval_world_000002,False,True,True,True,True
eval_world_000002,False,True,True,True,True
eval_world_000002,False,True,True,True,False
eval_world_000002,False,True,True,True,True
eval_world_000002,False,True,True,True,True
eval_world_000002,True,True,True,True,True
eval_world_000002,True,True,True,True,True
eval_world_000002,True,True,True,True,True
eval_world_000002,True,True,True,True,True
eval_world_000002,True,True,True,True,True
eval_world_000002,True,True,True,True,True
eval_world_000002,True,True,True,True,True
eval_world_000002,True,True,True,True,True
eval_world_000002,True,True,True,True,True
eval_world_000002,True,True,True,True,True
eval_world_000002,True,True,True,True,True
eval_world_000002,True,True,True,True,True
eval_world_000002,True,True,True,True,True
eval_world_000002,True,True,True,True,True
eval_world_000002,True,True,True,True,True
eval_world_000002,True,True,True,True,True
eval_world_000002,Unknown,True,True,True,True
eval_world_000002,Unknown,False,False,False,False
eval_world_000002,Unknown,True,False,False,False
eval_world_000002,Unknown,True,True,True,False
eval_world_000002,Unknown,True,True,True,True
eval_world_000002,Unknown,False,False,False,False
eval_world_000002,Unknown,True,False,False,False
eval_world_000002,Unknown,True,True,True,False
eval_world_000002,False,True,True,True,True
eval_world_000002,False,True,True,True,True
eval_world_000002,False,True,True,True,True
eval_world_000002,False,True,True,True,True
eval_world_000002,False,True,True,True,True
eval_world_000002,False,True,True,True,True
eval_world_000002,False,True,True,True,True
eval_world_000002,False,True,True,True,True
eval_world_000002,Unknown,True,True,True,True
eval_world_000002,Unknown,True,True,True,True
eval_world_000002,Unknown,True,True,True,True
eval_world_000002,Unknown,True,True,True,True
eval_world_000002,Unknown,True,True,True,True
eval_world_000002,Unknown,True,True,True,True
eval_world_000002,Unknown,True,True,True,True
eval_world_000002,Unknown,True,True,True,True
eval_world_000003,Unknown,True,True,True,True
eval_world_000003,Unknown,True,True,True,True
eval_world_000003,Unknown,True,True,True,True
eval_world_000003,Unknown,True,True,True,True
eval_world_000003,Unknown,True,True,True,True
eval_world_000003,Unknown,True,True,True,True
eval_world_000003,Unknown,True,True,True,True
eval_world_000003,Unknown,True,True,True,True
eval_world_000003,True,True,True,True,True
eval_world_000003,True,True,True,True,True
eval_world_000003,True,True,True,True,True
eval_world_000003,True,True,True,True,True
eval_world_000003,True,True,True,True,True
eval_world_000003,True,True,True,True,True
eval_world_000003,True,True,True,True,True
eval_world_000003,True,True,True,True,True
eval_world_000003,False,True,True,True,True
eval_world_000003,False,True,True,True,True
eval_world_000003,False,True,True,True,True
eval_world_000003,False,True,True,True,True
eval_world_000003,False,True,True,True,True
eval_world_000003,False,True,True,True,True
eval_world_000003,False,True,True,True,True
eval_world_000003,False,True,True,True,True
eval_world_000003,Unknown,True,True,True,True
eval_world_000003,Unknown,True,True,True,True
eval_world_000003,Unknown,True,True,True,True
eval_world_000003,Unknown,True,True,True,True
eval_world_000003,Unknown,True,True,True,True
eval_world_000003,Unknown,True,True,True,True
eval_world_000003,Unknown,True,True,True,True
eval_world_000003,Unknown,True,True,True,True
eval_world_000003,True,True,True,True,True
eval_world_000003,True,True,True,True,True
eval_world_000003,True,True,True,True,True
eval_world_000003,True,True,True,True,True
eval_world_000003,True,True,True,True,True
eval_world_000003,True,True,True,True,True
eval_world_000003,True,True,True,True,True
eval_world_000003,True,True,True,True,True
eval_world_000003,True,True,True,True,True
eval_world_000003,True,True,True,True,True
eval_world_000003,True,True,True,True,True
eval_world_000003,True,True,True,True,True
eval_world_000003,True,True,True,True,True
eval_world_000003,True,True,True,True,True
eval_world_000003,True,True,True,True,True
eval_world_000003,True,True,True,True,True
eval_world_000003,False,True,True,True,True
eval_world_000003,False,True,True,True,True
eval_world_000003,False,True,True,True,True
eval_world_000003,False,True,True,True,True
eval_world_000003,False,True,True,True,True
eval_world_000003,False,True,True,True,True
eval_world_000003,False,True,True,True,True
eval_world_000003,False,True,True,True,True
eval_world_000003,Unknown,True,True,True,True
eval_world_000003,Unknown,True,True,True,True
eval_world_000003,Unknown,True,True,True,True
eval_world_000003,Unknown,True,True,True,True
eval_world_000003,Unknown,True,True,True,True
eval_world_000003,Unknown,True,True,True,True
eval_world_000003,Unknown,True,True,True,True
eval_world_000003,Unknown,True,True,True,True
eval_world_000003,False,True,True,True,True
eval_world_000003,False,True,True,True,True
eval_world_000003,False,True,True,True,True
eval_world_000003,False,True,True,True,True
eval_world_000003,False,True,True,True,True
eval_world_000003,False,True,True,True,True
eval_world_000003,False,True,True,True,True
eval_world_000003,False,True,True,True,True
eval_world_000004,True,True,True,True,True
eval_world_000004,True,True,True,True,True
eval_world_000004,True,True,True,True,True
eval_world_000004,True,True,True,True,True
eval_world_000004,True,True,True,True,True
eval_world_000004,True,True,True,True,True
eval_world_000004,True,True,True,True,True
eval_world_000004,True,True,True,True,True
eval_world_000004,False,True,True,True,True
eval_world_000004,False,True,True,True,True
eval_world_000004,False,True,True,True,True
eval_world_000004,False,True,True,True,True
eval_world_000004,False,True,True,True,True
eval_world_000004,False,True,True,True,True
eval_world_000004,False,True,True,True,True
eval_world_000004,False,True,True,True,True
eval_world_000004,False,True,True,True,True
eval_world_000004,False,True,True,True,True
eval_world_000004,False,True,True,True,True
eval_world_000004,False,True,True,True,True
eval_world_000004,False,True,True,True,True
eval_world_000004,False,True,True,True,True
eval_world_000004,False,True,True,True,True
eval_world_000004,False,True,True,True,True
eval_world_000004,True,True,True,True,True
eval_world_000004,True,True,True,True,True
eval_world_000004,True,True,True,True,True
eval_world_000004,True,True,True,True,True
eval_world_000004,True,True,True,True,True
eval_world_000004,True,True,True,True,True
eval_world_000004,True,True,True,True,True
eval_world_000004,True,True,True,True,True
eval_world_000004,Unknown,True,True,True,True
eval_world_000004,Unknown,True,True,False,False
eval_world_000004,Unknown,True,True,True,True
eval_world_000004,Unknown,True,True,True,True
eval_world_000004,Unknown,True,True,True,True
eval_world_000004,Unknown,True,True,False,False
eval_world_000004,Unknown,True,True,True,True
eval_world_000004,Unknown,True,True,True,True
eval_world_000004,False,True,True,True,True
eval_world_000004,False,True,True,True,True
eval_world_000004,False,True,True,True,True
eval_world_000004,False,True,True,True,True
eval_world_000004,False,True,True,True,True
eval_world_000004,False,True,True,True,True
eval_world_000004,False,True,True,True,True
eval_world_000004,False,True,True,True,True
eval_world_000004,True,True,True,True,True
eval_world_000004,True,True,True,True,True
eval_world_000004,True,True,True,True,True
eval_world_000004,True,True,True,True,True
eval_world_000004,True,True,True,True,True
eval_world_000004,True,True,True,True,True
eval_world_000004,True,True,True,True,True
eval_world_000004,True,True,True,True,True
eval_world_000004,Unknown,True,True,True,True
eval_world_000004,Unknown,True,True,True,True
eval_world_000004,Unknown,True,True,True,True
eval_world_000004,Unknown,True,True,True,True
eval_world_000004,Unknown,True,True,True,True
eval_world_000004,Unknown,True,True,True,True
eval_world_000004,Unknown,True,True,True,True
eval_world_000004,Unknown,True,True,True,True
eval_world_000004,Unknown,True,True,True,False
eval_world_000004,Unknown,True,True,True,True
eval_world_000004,Unknown,True,True,True,True
eval_world_000004,Unknown,False,False,False,False
eval_world_000004,Unknown,True,True,True,False
eval_world_000004,Unknown,True,True,True,True
eval_world_000004,Unknown,True,True,True,True
eval_world_000004,Unknown,False,False,False,False
eval_world_000005,True,True,True,True,True
eval_world_000005,True,True,True,True,True
eval_world_000005,True,True,True,True,True
eval_world_000005,True,True,True,True,True
eval_world_000005,True,True,True,True,True
eval_world_000005,True,True,True,True,True
eval_world_000005,True,True,True,True,True
eval_world_000005,True,True,True,True,True
eval_world_000005,False,True,True,True,True
eval_world_000005,False,True,True,False,False
eval_world_000005,False,True,False,False,False
eval_world_000005,False,False,False,False,False
eval_world_000005,False,True,True,True,True
eval_world_000005,False,True,True,False,False
eval_world_000005,False,True,False,False,False
eval_world_000005,False,False,False,False,False
eval_world_000005,Unknown,True,True,True,True
eval_world_000005,Unknown,True,True,True,True
eval_world_000005,Unknown,True,True,True,True
eval_world_000005,Unknown,True,True,True,True
eval_world_000005,Unknown,True,True,True,True
eval_world_000005,Unknown,True,True,True,True
eval_world_000005,Unknown,True,True,True,True
eval_world_000005,Unknown,True,True,True,True
eval_world_000005,False,True,True,True,True
eval_world_000005,False,True,True,True,True
eval_world_000005,False,True,False,False,False
eval_world_000005,False,True,False,False,False
eval_world_000005,False,True,True,True,True
eval_world_000005,False,True,True,True,True
eval_world_000005,False,True,False,False,False
eval_world_000005,False,True,False,False,False
eval_world_000005,True,True,True,True,True
eval_world_000005,True,True,True,True,True
eval_world_000005,True,True,True,True,True
eval_world_000005,True,True,True,True,True
eval_world_000005,True,True,True,True,True
eval_world_000005,True,True,True,True,True
eval_world_000005,True,True,True,True,True
eval_world_000005,True,True,True,True,True
eval_world_000005,True,True,True,True,True
eval_world_000005,True,True,True,True,False
eval_world_000005,True,True,True,True,True
eval_world_000005,True,True,True,True,True
eval_world_000005,True,True,True,True,True
eval_world_000005,True,True,True,True,False
eval_world_000005,True,True,True,True,True
eval_world_000005,True,True,True,True,True
eval_world_000005,False,True,True,True,False
eval_world_000005,False,True,True,True,False
eval_world_000005,False,True,True,True,False
eval_world_000005,False,Unknown,False,False,False
eval_world_000005,False,True,True,True,False
eval_world_000005,False,True,True,True,False
eval_world_000005,False,True,True,True,False
eval_world_000005,False,Unknown,False,False,False
eval_world_000005,Unknown,True,True,True,True
eval_world_000005,Unknown,True,True,True,True
eval_world_000005,Unknown,True,True,True,True
eval_world_000005,Unknown,True,True,True,True
eval_world_000005,Unknown,True,True,True,True
eval_world_000005,Unknown,True,True,True,True
eval_world_000005,Unknown,True,True,True,True
eval_world_000005,Unknown,True,True,True,True
eval_world_000005,Unknown,True,True,True,True
eval_world_000005,Unknown,True,False,False,False
eval_world_000005,Unknown,True,True,True,True
eval_world_000005,Unknown,True,True,True,True
eval_world_000005,Unknown,True,True,True,True
eval_world_000005,Unknown,True,False,False,False
eval_world_000005,Unknown,True,True,True,True
eval_world_000005,Unknown,True,True,True,True
eval_world_000006,Unknown,True,True,True,True
eval_world_000006,Unknown,True,True,True,False
eval_world_000006,Unknown,True,True,True,True
eval_world_000006,Unknown,True,True,True,True
eval_world_000006,Unknown,True,True,True,True
eval_world_000006,Unknown,True,True,True,False
eval_world_000006,Unknown,True,True,True,True
eval_world_000006,Unknown,True,True,True,True
eval_world_000006,Unknown,True,True,True,True
eval_world_000006,Unknown,True,True,True,True
eval_world_000006,Unknown,True,True,True,True
eval_world_000006,Unknown,True,True,True,True
eval_world_000006,Unknown,True,True,True,True
eval_world_000006,Unknown,True,True,True,True
eval_world_000006,Unknown,True,True,True,True
eval_world_000006,Unknown,True,True,True,True
eval_world_000006,True,True,True,True,True
eval_world_000006,True,True,True,True,True
eval_world_000006,True,True,True,True,True
eval_world_000006,True,True,True,True,True
eval_world_000006,True,True,True,True,True
eval_world_000006,True,True,True,True,True
eval_world_000006,True,True,True,True,True
eval_world_000006,True,True,True,True,True
eval_world_000006,True,True,True,True,True
eval_world_000006,True,True,True,True,True
eval_world_000006,True,True,True,True,True
eval_world_000006,True,True,True,True,True
eval_world_000006,True,True,True,True,True
eval_world_000006,True,True,True,True,True
eval_world_000006,True,True,True,True,True
eval_world_000006,True,True,True,True,True
eval_world_000006,False,True,True,True,True
eval_world_000006,False,True,True,True,True
eval_world_000006,False,True,True,True,True
eval_world_000006,False,True,True,True,True
eval_world_000006,False,True,True,True,True
eval_world_000006,False,True,True,True,True
eval_world_000006,False,True,True,True,True
eval_world_000006,False,True,True,True,True
eval_world_000006,False,True,True,True,True
eval_world_000006,False,True,False,False,False
eval_world_000006,False,True,True,True,True
eval_world_000006,False,True,True,True,True
eval_world_000006,False,True,True,True,True
eval_world_000006,False,True,False,False,False
eval_world_000006,False,True,True,True,True
eval_world_000006,False,True,True,True,True
eval_world_000006,Unknown,True,True,True,True
eval_world_000006,Unknown,True,True,True,True
eval_world_000006,Unknown,True,True,True,False
eval_world_000006,Unknown,True,True,True,True
eval_world_000006,Unknown,True,True,True,True
eval_world_000006,Unknown,True,True,True,True
eval_world_000006,Unknown,True,True,True,False
eval_world_000006,Unknown,True,True,True,True
eval_world_000006,False,True,True,True,True
eval_world_000006,False,True,True,True,False
eval_world_000006,False,True,True,True,True
eval_world_000006,False,True,True,True,True
eval_world_000006,False,True,True,True,True
eval_world_000006,False,True,True,True,False
eval_world_000006,False,True,True,True,True
eval_world_000006,False,True,True,True,True
eval_world_000006,True,True,True,True,True
eval_world_000006,True,True,True,True,True
eval_world_000006,True,True,True,True,True
eval_world_000006,True,True,True,True,True
eval_world_000006,True,True,True,True,True
eval_world_000006,True,True,True,True,True
eval_world_000006,True,True,True,True,True
eval_world_000006,True,True,True,True,True
eval_world_000007,True,True,True,True,True
eval_world_000007,True,True,True,True,True
eval_world_000007,True,True,True,True,True
eval_world_000007,True,True,True,True,True
eval_world_000007,True,True,True,True,True
eval_world_000007,True,True,True,True,True
eval_world_000007,True,True,True,True,True
eval_world_000007,True,True,True,True,True
eval_world_000007,False,True,True,True,True
eval_world_000007,False,True,False,False,False
eval_world_000007,False,False,False,False,False
eval_world_000007,False,True,True,False,False
eval_world_000007,False,True,True,True,True
eval_world_000007,False,True,False,False,False
eval_world_000007,False,False,False,False,False
eval_world_000007,False,True,True,False,False
eval_world_000007,True,True,True,True,True
eval_world_000007,True,True,True,True,True
eval_world_000007,True,True,True,True,True
eval_world_000007,True,True,True,True,True
eval_world_000007,True,True,True,True,True
eval_world_000007,True,True,True,True,True
eval_world_000007,True,True,True,True,True
eval_world_000007,True,True,True,True,True
eval_world_000007,Unknown,True,True,True,True
eval_world_000007,Unknown,True,True,True,False
eval_world_000007,Unknown,True,True,True,True
eval_world_000007,Unknown,True,True,True,True
eval_world_000007,Unknown,True,True,True,True
eval_world_000007,Unknown,True,True,True,False
eval_world_000007,Unknown,True,True,True,True
eval_world_000007,Unknown,True,True,True,True
eval_world_000007,Unknown,True,True,True,True
eval_world_000007,Unknown,True,True,True,True
eval_world_000007,Unknown,True,True,True,True
eval_world_000007,Unknown,True,True,True,True
eval_world_000007,Unknown,True,True,True,True
eval_world_000007,Unknown,True,True,True,True
eval_world_000007,Unknown,True,True,True,True
eval_world_000007,Unknown,True,True,True,True
eval_world_000007,False,True,True,True,True
eval_world_000007,False,True,True,False,False
eval_world_000007,False,True,True,True,False
eval_world_000007,False,False,False,False,False
eval_world_000007,False,True,True,True,True
eval_world_000007,False,True,True,False,False
eval_world_000007,False,True,True,True,False
eval_world_000007,False,False,False,False,False
eval_world_000007,False,True,True,True,True
eval_world_000007,False,True,True,True,True
eval_world_000007,False,True,True,True,True
eval_world_000007,False,True,True,True,True
eval_world_000007,False,True,True,True,True
eval_world_000007,False,True,True,True,True
eval_world_000007,False,True,True,True,True
eval_world_000007,False,True,True,True,True
eval_world_000007,True,True,True,True,True
eval_world_000007,True,True,True,True,True
eval_world_000007,True,True,True,True,True
eval_world_000007,True,True,True,True,True
eval_world_000007,True,True,True,True,True
eval_world_000007,True,True,True,True,True
eval_world_000007,True,True,True,True,True
eval_world_000007,True,True,True,True,True
eval_world_000007,Unknown,True,True,True,True
eval_world_000007,Unknown,True,True,True,True
eval_world_000007,Unknown,True,True,True,True
eval_world_000007,Unknown,True,True,True,True
eval_world_000007,Unknown,True,True,True,True
eval_world_000007,Unknown,True,True,True,True
eval_world_000007,Unknown,True,True,True,True
eval_world_000007,Unknown,True,True,True,True
eval_world_000008,Unknown,True,True,True,True
eval_world_000008,Unknown,True,True,True,True
eval_world_000008,Unknown,True,True,True,True
eval_world_000008,Unknown,True,True,True,True
eval_world_000008,Unknown,True,True,True,True
eval_world_000008,Unknown,True,True,True,True
eval_world_000008,Unknown,True,True,True,True
eval_world_000008,Unknown,True,True,True,True
eval_world_000008,False,True,True,True,True
eval_world_000008,False,True,True,True,True
eval_world_000008,False,True,True,True,True
eval_world_000008,False,True,True,True,True
eval_world_000008,False,True,True,True,True
eval_world_000008,False,True,True,True,True
eval_world_000008,False,True,True,True,True
eval_world_000008,False,True,True,True,True
eval_world_000008,True,True,True,True,True
eval_world_000008,True,True,True,True,True
eval_world_000008,True,True,True,True,False
eval_world_000008,True,True,True,True,True
eval_world_000008,True,True,True,True,True
eval_world_000008,True,True,True,True,True
eval_world_000008,True,True,True,True,False
eval_world_000008,True,True,True,True,True
eval_world_000008,True,True,True,True,True
eval_world_000008,True,True,True,True,True
eval_world_000008,True,True,True,True,True
eval_world_000008,True,True,True,True,True
eval_world_000008,True,True,True,True,True
eval_world_000008,True,True,True,True,True
eval_world_000008,True,True,True,True,True
eval_world_000008,True,True,True,True,True
eval_world_000008,Unknown,True,True,True,True
eval_world_000008,Unknown,True,True,True,True
eval_world_000008,Unknown,True,True,True,True
eval_world_000008,Unknown,True,True,True,True
eval_world_000008,Unknown,True,True,True,True
eval_world_000008,Unknown,True,True,True,True
eval_world_000008,Unknown,True,True,True,True
eval_world_000008,Unknown,True,True,True,True
eval_world_000008,False,True,True,True,True
eval_world_000008,False,True,True,True,True
eval_world_000008,False,True,True,True,True
eval_world_000008,False,True,True,True,True
eval_world_000008,False,True,True,True,True
eval_world_000008,False,True,True,True,True
eval_world_000008,False,True,True,True,True
eval_world_000008,False,True,True,True,True
eval_world_000008,True,True,True,True,True
eval_world_000008,True,True,True,True,True
eval_world_000008,True,True,True,True,True
eval_world_000008,True,True,True,True,True
eval_world_000008,True,True,True,True,True
eval_world_000008,True,True,True,True,True
eval_world_000008,True,True,True,True,True
eval_world_000008,True,True,True,True,True
eval_world_000008,Unknown,True,True,True,True
eval_world_000008,Unknown,True,True,True,True
eval_world_000008,Unknown,True,True,True,False
eval_world_000008,Unknown,True,True,True,True
eval_world_000008,Unknown,True,True,True,True
eval_world_000008,Unknown,True,True,True,True
eval_world_000008,Unknown,True,True,True,False
eval_world_000008,Unknown,True,True,True,True
eval_world_000008,False,True,True,True,True
eval_world_000008,False,True,True,True,True
eval_world_000008,False,True,True,True,True
eval_world_000008,False,True,True,True,True
eval_world_000008,False,True,True,True,True
eval_world_000008,False,True,True,True,True
eval_world_000008,False,True,True,True,True
eval_world_000008,False,True,True,True,True
eval_world_000009,True,True,True,True,True
eval_world_000009,True,True,True,True,True
eval_world_000009,True,True,True,True,True
eval_world_000009,True,True,True,True,True
eval_world_000009,True,True,True,True,True
eval_world_000009,True,True,True,True,True
eval_world_000009,True,True,True,True,True
eval_world_000009,True,True,True,True,True
eval_world_000009,True,True,True,True,True
eval_world_000009,True,True,True,True,True
eval_world_000009,True,True,True,True,True
eval_world_000009,True,True,True,True,True
eval_world_000009,True,True,True,True,True
eval_world_000009,True,True,True,True,True
eval_world_000009,True,True,True,True,True
eval_world_000009,True,True,True,True,True
eval_world_000009,Unknown,True,True,True,True
eval_world_000009,Unknown,True,True,True,False
eval_world_000009,Unknown,True,True,True,True
eval_world_000009,Unknown,True,True,True,True
eval_world_000009,Unknown,True,True,True,True
eval_world_000009,Unknown,True,True,True,False
eval_world_000009,Unknown,True,True,True,True
eval_world_000009,Unknown,True,True,True,True
eval_world_000009,False,True,True,True,True
eval_world_000009,False,True,True,False,False
eval_world_000009,False,True,True,True,False
eval_world_000009,False,True,True,True,True
eval_world_000009,False,True,True,True,True
eval_world_000009,False,True,True,False,False
eval_world_000009,False,True,True,True,False
eval_world_000009,False,True,True,True,True
eval_world_000009,True,True,True,True,True
eval_world_000009,True,True,True,True,True
eval_world_000009,True,True,True,True,True
eval_world_000009,True,True,True,True,True
eval_world_000009,True,True,True,True,True
eval_world_000009,True,True,True,True,True
eval_world_000009,True,True,True,True,True
eval_world_000009,True,True,True,True,True
eval_world_000009,Unknown,True,True,True,True
eval_world_000009,Unknown,True,True,True,True
eval_world_000009,Unknown,True,True,True,True
eval_world_000009,Unknown,True,True,True,True
eval_world_000009,Unknown,True,True,True,True
eval_world_000009,Unknown,True,True,True,True
eval_world_000009,Unknown,True,True,True,True
eval_world_000009,Unknown,True,True,True,True
eval_world_000009,Unknown,True,True,True,True
eval_world_000009,Unknown,True,True,True,True
eval_world_000009,Unknown,True,True,True,True
eval_world_000009,Unknown,True,True,True,True
eval_world_000009,Unknown,True,True,True,True
eval_world_000009,Unknown,True,True,True,True
eval_world_000009,Unknown,True,True,True,True
eval_world_000009,Unknown,True,True,True,True
eval_world_000009,False,True,True,True,True
eval_world_000009,False,True,True,True,True
eval_world_000009,False,True,True,True,True
eval_world_000009,False,True,True,True,True
eval_world_000009,False,True,True,True,True
eval_world_000009,False,True,True,True,True
eval_world_000009,False,True,True,True,True
eval_world_000009,False,True,True,True,True
eval_world_000009,False,True,True,True,True
eval_world_000009,False,True,True,True,True
eval_world_000009,False,True,True,True,True
eval_world_000009,False,True,True,True,True
eval_world_000009,False,True,True,True,True
eval_world_000009,False,True,True,True,True
eval_world_000009,False,True,True,True,True
eval_world_000009,False,True,True,True,True
eval_world_000010,Unknown,True,True,True,True
eval_world_000010,Unknown,True,True,True,True
eval_world_000010,Unknown,True,True,True,True
eval_world_000010,Unknown,True,True,True,True
eval_world_000010,Unknown,True,True,True,True
eval_world_000010,Unknown,True,True,True,True
eval_world_000010,Unknown,True,True,True,True
eval_world_000010,Unknown,True,True,True,True
eval_world_000010,True,True,True,True,True
eval_world_000010,True,True,True,True,True
eval_world_000010,True,True,True,True,True
eval_world_000010,True,True,True,True,True
eval_world_000010,True,True,True,True,True
eval_world_000010,True,True,True,True,True
eval_world_000010,True,True,True,True,True
eval_world_000010,True,True,True,True,True
eval_world_000010,False,True,True,True,True
eval_world_000010,False,True,True,True,False
eval_world_000010,False,True,True,True,True
eval_world_000010,False,True,False,False,False
eval_world_000010,False,True,True,True,True
eval_world_000010,False,True,True,True,False
eval_world_000010,False,True,True,True,True
eval_world_000010,False,True,False,False,False
eval_world_000010,False,True,True,True,True
eval_world_000010,False,True,True,True,True
eval_world_000010,False,True,True,True,True
eval_world_000010,False,True,True,True,True
eval_world_000010,False,True,True,True,True
eval_world_000010,False,True,True,True,True
eval_world_000010,False,True,True,True,True
eval_world_000010,False,True,True,True,True
eval_world_000010,False,True,True,True,True
eval_world_000010,False,True,True,True,True
eval_world_000010,False,True,True,True,True
eval_world_000010,False,True,True,True,True
eval_world_000010,False,True,True,True,True
eval_world_000010,False,True,True,True,True
eval_world_000010,False,True,True,True,True
eval_world_000010,False,True,True,True,True
eval_world_000010,True,True,True,True,True
eval_world_000010,True,True,True,True,True
eval_world_000010,True,True,True,True,True
eval_world_000010,True,True,True,True,True
eval_world_000010,True,True,True,True,True
eval_world_000010,True,True,True,True,True
eval_world_000010,True,True,True,True,True
eval_world_000010,True,True,True,True,True
eval_world_000010,Unknown,True,True,True,True
eval_world_000010,Unknown,True,True,True,True
eval_world_000010,Unknown,True,True,True,True
eval_world_000010,Unknown,True,True,True,True
eval_world_000010,Unknown,True,True,True,True
eval_world_000010,Unknown,True,True,True,True
eval_world_000010,Unknown,True,True,True,True
eval_world_000010,Unknown,True,True,True,True
eval_world_000010,True,True,True,True,True
eval_world_000010,True,True,True,True,True
eval_world_000010,True,True,True,True,True
eval_world_000010,True,True,True,True,True
eval_world_000010,True,True,True,True,True
eval_world_000010,True,True,True,True,True
eval_world_000010,True,True,True,True,True
eval_world_000010,True,True,True,True,True
eval_world_000010,Unknown,True,True,True,True
eval_world_000010,Unknown,True,True,True,True
eval_world_000010,Unknown,True,True,True,True
eval_world_000010,Unknown,True,True,True,True
eval_world_000010,Unknown,True,True,True,True
eval_world_000010,Unknown,True,True,True,True
eval_world_000010,Unknown,True,True,True,True
eval_world_000010,Unknown,True,True,True,True
eval_world_000011,False,True,True,True,True
eval_world_000011,False,True,True,True,True
eval_world_000011,False,True,True,True,True
eval_world_000011,False,True,True,True,True
eval_world_000011,False,True,True,True,True
eval_world_000011,False,True,True,True,True
eval_world_000011,False,True,True,True,True
eval_world_000011,False,True,True,True,True
eval_world_000011,Unknown,True,True,True,True
eval_world_000011,Unknown,True,True,True,True
eval_world_000011,Unknown,True,True,True,True
eval_world_000011,Unknown,True,True,True,True
eval_world_000011,Unknown,True,True,True,True
eval_world_000011,Unknown,True,True,True,True
eval_world_000011,Unknown,True,True,True,True
eval_world_000011,Unknown,True,True,True,True
eval_world_000011,True,True,True,True,True
eval_world_000011,True,True,True,True,True
eval_world_000011,True,True,True,True,True
eval_world_000011,True,True,True,True,True
eval_world_000011,True,True,True,True,True
eval_world_000011,True,True,True,True,True
eval_world_000011,True,True,True,True,True
eval_world_000011,True,True,True,True,True
eval_world_000011,False,True,True,True,True
eval_world_000011,False,True,True,True,True
eval_world_000011,False,True,True,True,True
eval_world_000011,False,True,True,True,True
eval_world_000011,False,True,True,True,True
eval_world_000011,False,True,True,True,True
eval_world_000011,False,True,True,True,True
eval_world_000011,False,True,True,True,True
eval_world_000011,Unknown,True,True,True,True
eval_world_000011,Unknown,True,True,True,True
eval_world_000011,Unknown,True,True,True,True
eval_world_000011,Unknown,True,True,True,True
eval_world_000011,Unknown,True,True,True,True
eval_world_000011,Unknown,True,True,True,True
eval_world_000011,Unknown,True,True,True,True
eval_world_000011,Unknown,True,True,True,True
eval_world_000011,Unknown,True,True,True,True
eval_world_000011,Unknown,True,True,True,True
eval_world_000011,Unknown,True,True,True,True
eval_world_000011,Unknown,True,True,True,True
eval_world_000011,Unknown,True,True,True,True
eval_world_000011,Unknown,True,True,True,True
eval_world_000011,Unknown,True,True,True,True
eval_world_000011,Unknown,True,True,True,True
eval_world_000011,False,True,True,True,True
eval_world_000011,False,True,True,True,True
eval_world_000011,False,True,True,True,True
eval_world_000011,False,True,True,True,True
eval_world_000011,False,True,True,True,True
eval_world_000011,False,True,True,True,True
eval_world_000011,False,True,True,True,True
eval_world_000011,False,True,True,True,True
eval_world_000011,True,True,True,True,True
eval_world_000011,True,True,True,True,True
eval_world_000011,True,True,True,True,True
eval_world_000011,True,True,True,True,True
eval_world_000011,True,True,True,True,True
eval_world_000011,True,True,True,True,True
eval_world_000011,True,True,True,True,True
eval_world_000011,True,True,True,True,True
eval_world_000011,True,True,True,True,True
eval_world_000011,True,True,True,True,True
eval_world_000011,True,True,True,True,True
eval_world_000011,True,True,True,True,True
eval_world_000011,True,True,True,True,True
eval_world_000011,True,True,True,True,True
eval_world_000011,True,True,True,True,True
eval_world_000011,True,True,True,True,True
eval_world_000012,True,True,True,True,True
eval_world_000012,True,True,True,True,True
eval_world_000012,True,True,True,True,True
eval_world_000012,True,True,True,True,True
eval_world_000012,True,True,True,True,True
eval_world_000012,True,True,True,True,True
eval_world_000012,True,True,True,True,True
eval_world_000012,True,True,True,True,True
eval_world_000012,False,True,True,True,True
eval_world_000012,False,True,True,True,True
eval_world_000012,False,True,True,True,True
eval_world_000012,False,True,True,True,True
eval_world_000012,False,True,True,True,True
eval_world_000012,False,True,True,True,True
eval_world_000012,False,True,True,True,True
eval_world_000012,False,True,True,True,True
eval_world_000012,False,True,True,True,True
eval_world_000012,False,False,False,False,False
eval_world_000012,False,True,True,False,False
eval_world_000012,False,True,True,True,True
eval_world_000012,False,True,True,True,True
eval_world_000012,False,False,False,False,False
eval_world_000012,False,True,True,False,False
eval_world_000012,False,True,True,True,True
eval_world_000012,True,True,True,True,True
eval_world_000012,True,True,True,True,True
eval_world_000012,True,True,True,True,True
eval_world_000012,True,True,False,False,False
eval_world_000012,True,True,True,True,True
eval_world_000012,True,True,True,True,True
eval_world_000012,True,True,True,True,True
eval_world_000012,True,True,False,False,False
eval_world_000012,Unknown,True,True,True,True
eval_world_000012,Unknown,True,True,True,True
eval_world_000012,Unknown,True,True,True,True
eval_world_000012,Unknown,True,True,True,True
eval_world_000012,Unknown,True,True,True,True
eval_world_000012,Unknown,True,True,True,True
eval_world_000012,Unknown,True,True,True,True
eval_world_000012,Unknown,True,True,True,True
eval_world_000012,False,True,True,True,True
eval_world_000012,False,True,True,True,True
eval_world_000012,False,True,True,True,True
eval_world_000012,False,True,True,True,True
eval_world_000012,False,True,True,True,True
eval_world_000012,False,True,True,True,True
eval_world_000012,False,True,True,True,True
eval_world_000012,False,True,True,True,True
eval_world_000012,True,True,True,True,True
eval_world_000012,True,True,True,True,True
eval_world_000012,True,True,True,True,True
eval_world_000012,True,True,True,True,True
eval_world_000012,True,True,True,True,True
eval_world_000012,True,True,True,True,True
eval_world_000012,True,True,True,True,True
eval_world_000012,True,True,True,True,True
eval_world_000012,Unknown,True,True,True,True
eval_world_000012,Unknown,False,False,False,False
eval_world_000012,Unknown,True,True,False,False
eval_world_000012,Unknown,True,True,True,True
eval_world_000012,Unknown,True,True,True,True
eval_world_000012,Unknown,False,False,False,False
eval_world_000012,Unknown,True,True,False,False
eval_world_000012,Unknown,True,True,True,True
eval_world_000012,Unknown,True,True,True,True
eval_world_000012,Unknown,True,True,True,True
eval_world_000012,Unknown,True,True,True,True
eval_world_000012,Unknown,True,True,True,True
eval_world_000012,Unknown,True,True,True,True
eval_world_000012,Unknown,True,True,True,True
eval_world_000012,Unknown,True,True,True,True
eval_world_000012,Unknown,True,True,True,True
eval_world_000013,True,True,True,False,False
eval_world_000013,True,False,False,False,False
eval_world_000013,True,True,True,True,True
eval_world_000013,True,Unknown,False,False,False
eval_world_000013,True,True,True,False,False
eval_world_000013,True,False,False,False,False
eval_world_000013,True,True,True,True,True
eval_world_000013,True,Unknown,False,False,False
eval_world_000013,False,True,True,True,True
eval_world_000013,False,True,True,True,True
eval_world_000013,False,True,True,True,True
eval_world_000013,False,True,True,True,True
eval_world_000013,False,True,True,True,True
eval_world_000013,False,True,True,True,True
eval_world_000013,False,True,True,True,True
eval_world_000013,False,True,True,True,True
eval_world_000013,Unknown,True,True,True,False
eval_world_000013,Unknown,True,False,False,False
eval_world_000013,Unknown,True,True,True,False
eval_world_000013,Unknown,False,False,False,False
eval_world_000013,Unknown,True,True,True,False
eval_world_000013,Unknown,True,False,False,False
eval_world_000013,Unknown,True,True,True,False
eval_world_000013,Unknown,False,False,False,False
eval_world_000013,False,True,True,True,True
eval_world_000013,False,True,True,True,True
eval_world_000013,False,True,True,True,True
eval_world_000013,False,True,True,True,True
eval_world_000013,False,True,True,True,True
eval_world_000013,False,True,True,True,True
eval_world_000013,False,True,True,True,True
eval_world_000013,False,True,True,True,True
eval_world_000013,True,True,True,True,True
eval_world_000013,True,True,True,True,True
eval_world_000013,True,True,True,True,True
eval_world_000013,True,True,True,True,True
eval_world_000013,True,True,True,True,True
eval_world_000013,True,True,True,True,True
eval_world_000013,True,True,True,True,True
eval_world_000013,True,True,True,True,True
eval_world_000013,Unknown,True,True,True,True
eval_world_000013,Unknown,True,True,True,True
eval_world_000013,Unknown,True,True,True,True
eval_world_000013,Unknown,True,True,True,True
eval_world_000013,Unknown,True,True,True,True
eval_world_000013,Unknown,True,True,True,True
eval_world_000013,Unknown,True,True,True,True
eval_world_000013,Unknown,True,True,True,True
eval_world_000013,Unknown,True,True,True,True
eval_world_000013,Unknown,True,True,True,True
eval_world_000013,Unknown,True,True,True,True
eval_world_000013,Unknown,True,True,True,True
eval_world_000013,Unknown,True,True,True,True
eval_world_000013,Unknown,True,True,True,True
eval_world_000013,Unknown,True,True,True,True
eval_world_000013,Unknown,True,True,True,True
eval_world_000013,True,True,True,True,True
eval_world_000013,True,True,True,True,True
eval_world_000013,True,True,True,True,True
eval_world_000013,True,True,True,True,True
eval_world_000013,True,True,True,True,True
eval_world_000013,True,True,True,True,True
eval_world_000013,True,True,True,True,True
eval_world_000013,True,True,True,True,True
eval_world_000013,False,True,True,True,True
eval_world_000013,False,True,True,True,True
eval_world_000013,False,True,True,True,True
eval_world_000013,False,True,True,True,True
eval_world_000013,False,True,True,True,True
eval_world_000013,False,True,True,True,True
eval_world_000013,False,True,True,True,True
eval_world_000013,False,True,True,True,True
eval_world_000014,True,True,True,True,True
eval_world_000014,True,True,True,True,True
eval_world_000014,True,True,True,True,True
eval_world_000014,True,True,True,True,True
eval_world_000014,True,True,True,True,True
eval_world_000014,True,True,True,True,True
eval_world_000014,True,True,True,True,True
eval_world_000014,True,True,True,True,True
eval_world_000014,Unknown,True,True,True,True
eval_world_000014,Unknown,True,True,True,True
eval_world_000014,Unknown,True,True,True,True
eval_world_000014,Unknown,True,True,True,True
eval_world_000014,Unknown,True,True,True,True
eval_world_000014,Unknown,True,True,True,True
eval_world_000014,Unknown,True,True,True,True
eval_world_000014,Unknown,True,True,True,True
eval_world_000014,True,True,True,True,True
eval_world_000014,True,True,True,True,True
eval_world_000014,True,True,True,True,True
eval_world_000014,True,True,True,True,True
eval_world_000014,True,True,True,True,True
eval_world_000014,True,True,True,True,True
eval_world_000014,True,True,True,True,True
eval_world_000014,True,True,True,True,True
eval_world_000014,False,True,True,True,True
eval_world_000014,False,True,True,True,True
eval_world_000014,False,True,True,True,True
eval_world_000014,False,True,True,True,True
eval_world_000014,False,True,True,True,True
eval_world_000014,False,True,True,True,True
eval_world_000014,False,True,True,True,True
eval_world_000014,False,True,True,True,True
eval_world_000014,Unknown,True,True,True,True
eval_world_000014,Unknown,True,True,True,True
eval_world_000014,Unknown,True,True,True,True
eval_world_000014,Unknown,True,True,True,True
eval_world_000014,Unknown,True,True,True,True
eval_world_000014,Unknown,True,True,True,True
eval_world_000014,Unknown,True,True,True,True
eval_world_000014,Unknown,True,True,True,True
eval_world_000014,False,True,True,True,True
eval_world_000014,False,True,True,True,True
eval_world_000014,False,True,True,True,True
eval_world_000014,False,True,True,True,True
eval_world_000014,False,True,True,True,True
eval_world_000014,False,True,True,True,True
eval_world_000014,False,True,True,True,True
eval_world_000014,False,True,True,True,True
eval_world_000014,Unknown,True,True,True,True
eval_world_000014,Unknown,True,True,True,True
eval_world_000014,Unknown,True,True,True,True
eval_world_000014,Unknown,True,True,True,True
eval_world_000014,Unknown,True,True,True,True
eval_world_000014,Unknown,True,True,True,True
eval_world_000014,Unknown,True,True,True,True
eval_world_000014,Unknown,True,True,True,True
eval_world_000014,True,True,True,True,True
eval_world_000014,True,True,True,True,True
eval_world_000014,True,True,True,True,True
eval_world_000014,True,True,True,True,True
eval_world_000014,True,True,True,True,True
eval_world_000014,True,True,True,True,True
eval_world_000014,True,True,True,True,True
eval_world_000014,True,True,True,True,True
eval_world_000014,False,True,True,True,True
eval_world_000014,False,True,True,True,True
eval_world_000014,False,True,True,True,True
eval_world_000014,False,True,True,True,True
eval_world_000014,False,True,True,True,True
eval_world_000014,False,True,True,True,True
eval_world_000014,False,True,True,True,True
eval_world_000014,False,True,True,True,True
eval_world_000015,False,True,True,True,True
eval_world_000015,False,True,True,True,True
eval_world_000015,False,True,True,True,True
eval_world_000015,False,True,True,True,True
eval_world_000015,False,True,True,True,True
eval_world_000015,False,True,True,True,True
eval_world_000015,False,True,True,True,True
eval_world_000015,False,True,True,True,True
eval_world_000015,True,True,True,True,True
eval_world_000015,True,True,True,True,True
eval_world_000015,True,True,True,True,True
eval_world_000015,True,True,True,True,True
eval_world_000015,True,True,True,True,True
eval_world_000015,True,True,True,True,True
eval_world_000015,True,True,True,True,True
eval_world_000015,True,True,True,True,True
eval_world_000015,False,True,True,True,True
eval_world_000015,False,False,False,False,False
eval_world_000015,False,False,False,False,False
eval_world_000015,False,True,True,True,True
eval_world_000015,False,True,True,True,True
eval_world_000015,False,False,False,False,False
eval_world_000015,False,False,False,False,False
eval_world_000015,False,True,True,True,True
eval_world_000015,Unknown,True,True,True,True
eval_world_000015,Unknown,True,True,True,True
eval_world_000015,Unknown,True,True,True,True
eval_world_000015,Unknown,True,True,True,True
eval_world_000015,Unknown,True,True,True,True
eval_world_000015,Unknown,True,True,True,True
eval_world_000015,Unknown,True,True,True,True
eval_world_000015,Unknown,True,True,True,True
eval_world_000015,True,True,True,True,False
eval_world_000015,True,False,False,False,False
eval_world_000015,True,False,False,False,False
eval_world_000015,True,True,True,True,False
eval_world_000015,True,True,True,True,False
eval_world_000015,True,False,False,False,False
eval_world_000015,True,False,False,False,False
eval_world_000015,True,True,True,True,False
eval_world_000015,True,True,True,True,True
eval_world_000015,True,True,True,True,True
eval_world_000015,True,True,True,True,True
eval_world_000015,True,True,True,True,True
eval_world_000015,True,True,True,True,True
eval_world_000015,True,True,True,True,True
eval_world_000015,True,True,True,True,True
eval_world_000015,True,True,True,True,True
eval_world_000015,Unknown,True,True,True,True
eval_world_000015,Unknown,True,True,True,True
eval_world_000015,Unknown,True,True,True,True
eval_world_000015,Unknown,True,True,True,True
eval_world_000015,Unknown,True,True,True,True
eval_world_000015,Unknown,True,True,True,True
eval_world_000015,Unknown,True,True,True,True
eval_world_000015,Unknown,True,True,True,True
eval_world_000015,False,True,True,True,True
eval_world_000015,False,True,True,True,True
eval_world_000015,False,True,True,True,True
eval_world_000015,False,True,True,True,True
eval_world_000015,False,True,True,True,True
eval_world_000015,False,True,True,True,True
eval_world_000015,False,True,True,True,True
eval_world_000015,False,True,True,True,True
eval_world_000015,Unknown,True,True,True,True
eval_world_000015,Unknown,True,True,True,True
eval_world_000015,Unknown,True,True,True,True
eval_world_000015,Unknown,True,True,True,True
eval_world_000015,Unknown,True,True,True,True
eval_world_000015,Unknown,True,True,True,True
eval_world_000015,Unknown,True,True,True,True
eval_world_000015,Unknown,True,True,True,True
eval_world_000016,Unknown,True,True,True,True
eval_world_000016,Unknown,True,True,True,True
eval_world_000016,Unknown,True,True,True,True
eval_world_000016,Unknown,True,True,True,True
eval_world_000016,Unknown,True,True,True,True
eval_world_000016,Unknown,True,True,True,True
eval_world_000016,Unknown,True,True,True,True
eval_world_000016,Unknown,True,True,True,True
eval_world_000016,Unknown,True,True,True,True
eval_world_000016,Unknown,True,True,True,True
eval_world_000016,Unknown,True,True,True,True
eval_world_000016,Unknown,True,True,True,True
eval_world_000016,Unknown,True,True,True,True
eval_world_000016,Unknown,True,True,True,True
eval_world_000016,Unknown,True,True,True,True
eval_world_000016,Unknown,True,True,True,True
eval_world_000016,True,True,True,True,True
eval_world_000016,True,True,True,True,True
eval_world_000016,True,True,True,True,True
eval_world_000016,True,True,True,True,True
eval_world_000016,True,True,True,True,True
eval_world_000016,True,True,True,True,True
eval_world_000016,True,True,True,True,True
eval_world_000016,True,True,True,True,True
eval_world_000016,False,True,True,True,True
eval_world_000016,False,True,True,True,True
eval_world_000016,False,True,True,True,True
eval_world_000016,False,True,True,True,True
eval_world_000016,False,True,True,True,True
eval_world_000016,False,True,True,True,True
eval_world_000016,False,True,True,True,True
eval_world_000016,False,True,True,True,True
eval_world_000016,False,True,True,True,True
eval_world_000016,False,True,True,True,True
eval_world_000016,False,True,True,True,True
eval_world_000016,False,True,True,True,True
eval_world_000016,False,True,True,True,True
eval_world_000016,False,True,True,True,True
eval_world_000016,False,True,True,True,True
eval_world_000016,False,True,True,True,True
eval_world_000016,True,True,True,True,True
eval_world_000016,True,True,True,True,True
eval_world_000016,True,True,True,True,True
eval_world_000016,True,True,True,True,True
eval_world_000016,True,True,True,True,True
eval_world_000016,True,True,True,True,True
eval_world_000016,True,True,True,True,True
eval_world_000016,True,True,True,True,True
eval_world_000016,True,True,True,True,True
eval_world_000016,True,True,True,True,True
eval_world_000016,True,True,True,True,True
eval_world_000016,True,True,True,True,True
eval_world_000016,True,True,True,True,True
eval_world_000016,True,True,True,True,True
eval_world_000016,True,True,True,True,True
eval_world_000016,True,True,True,True,True
eval_world_000016,Unknown,True,True,True,True
eval_world_000016,Unknown,True,True,True,True
eval_world_000016,Unknown,True,True,True,True
eval_world_000016,Unknown,True,True,True,True
eval_world_000016,Unknown,True,True,True,True
eval_world_000016,Unknown,True,True,True,True
eval_world_000016,Unknown,True,True,True,True
eval_world_000016,Unknown,True,True,True,True
eval_world_000016,False,True,True,True,True
eval_world_000016,False,True,True,False,False
eval_world_000016,False,True,True,True,True
eval_world_000016,False,True,True,False,False
eval_world_000016,False,True,True,True,True
eval_world_000016,False,True,True,False,False
eval_world_000016,False,True,True,True,True
eval_world_000016,False,True,True,False,False
eval_world_000017,Unknown,True,True,True,True
eval_world_000017,Unknown,True,True,True,True
eval_world_000017,Unknown,True,True,True,True
eval_world_000017,Unknown,True,True,True,True
eval_world_000017,Unknown,True,True,True,True
eval_world_000017,Unknown,True,True,True,True
eval_world_000017,Unknown,True,True,True,True
eval_world_000017,Unknown,True,True,True,True
eval_world_000017,False,True,True,True,True
eval_world_000017,False,True,True,True,True
eval_world_000017,False,True,True,True,False
eval_world_000017,False,True,True,True,True
eval_world_000017,False,True,True,True,True
eval_world_000017,False,True,True,True,True
eval_world_000017,False,True,True,True,False
eval_world_000017,False,True,True,True,True
eval_world_000017,False,True,True,True,True
eval_world_000017,False,True,True,True,False
eval_world_000017,False,True,True,True,True
eval_world_000017,False,True,True,True,True
eval_world_000017,False,True,True,True,True
eval_world_000017,False,True,True,True,False
eval_world_000017,False,True,True,True,True
eval_world_000017,False,True,True,True,True
eval_world_000017,Unknown,True,True,True,True
eval_world_000017,Unknown,True,True,True,True
eval_world_000017,Unknown,True,True,True,True
eval_world_000017,Unknown,True,True,True,True
eval_world_000017,Unknown,True,True,True,True
eval_world_000017,Unknown,True,True,True,True
eval_world_000017,Unknown,True,True,True,True
eval_world_000017,Unknown,True,True,True,True
eval_world_000017,Unknown,True,True,True,True
eval_world_000017,Unknown,True,True,True,True
eval_world_000017,Unknown,True,True,True,True
eval_world_000017,Unknown,True,True,True,True
eval_world_000017,Unknown,True,True,True,True
eval_world_000017,Unknown,True,True,True,True
eval_world_000017,Unknown,True,True,True,True
eval_world_000017,Unknown,True,True,True,True
eval_world_000017,True,True,True,True,True
eval_world_000017,True,True,True,True,True
eval_world_000017,True,True,True,True,True
eval_world_000017,True,True,True,True,True
eval_world_000017,True,True,True,True,True
eval_world_000017,True,True,True,True,True
eval_world_000017,True,True,True,True,True
eval_world_000017,True,True,True,True,True
eval_world_000017,True,True,True,True,True
eval_world_000017,True,True,True,True,True
eval_world_000017,True,True,True,True,True
eval_world_000017,True,True,True,True,True
eval_world_000017,True,True,True,True,True
eval_world_000017,True,True,True,True,True
eval_world_000017,True,True,True,True,True
eval_world_000017,True,True,True,True,True
eval_world_000017,False,True,True,True,True
eval_world_000017,False,True,True,True,True
eval_world_000017,False,Unknown,True,True,True
eval_world_000017,False,True,True,True,True
eval_world_000017,False,True,True,True,True
eval_world_000017,False,True,True,True,True
eval_world_000017,False,Unknown,True,True,True
eval_world_000017,False,True,True,True,True
eval_world_000017,True,True,True,True,True
eval_world_000017,True,True,True,True,True
eval_world_000017,True,True,True,True,True
eval_world_000017,True,True,True,True,True
eval_world_000017,True,True,True,True,True
eval_world_000017,True,True,True,True,True
eval_world_000017,True,True,True,True,True
eval_world_000017,True,True,True,True,True
eval_world_000018,Unknown,True,True,True,True
eval_world_000018,Unknown,True,True,True,False
eval_world_000018,Unknown,True,True,True,True
eval_world_000018,Unknown,True,True,True,False
eval_world_000018,Unknown,True,True,True,True
eval_world_000018,Unknown,True,True,True,False
eval_world_000018,Unknown,True,True,True,True
eval_world_000018,Unknown,True,True,True,False
eval_world_000018,False,True,True,True,False
eval_world_000018,False,False,False,False,False
eval_world_000018,False,True,True,False,False
eval_world_000018,False,True,True,True,False
eval_world_000018,False,True,True,True,False
eval_world_000018,False,False,False,False,False
eval_world_000018,False,True,True,False,False
eval_world_000018,False,True,True,True,False
eval_world_000018,True,True,True,True,True
eval_world_000018,True,True,True,True,True
eval_world_000018,True,True,True,True,True
eval_world_000018,True,True,True,True,True
eval_world_000018,True,True,True,True,True
eval_world_000018,True,True,True,True,True
eval_world_000018,True,True,True,True,True
eval_world_000018,True,True,True,True,True
eval_world_000018,Unknown,True,True,True,True
eval_world_000018,Unknown,True,True,True,True
eval_world_000018,Unknown,True,True,True,True
eval_world_000018,Unknown,True,True,True,True
eval_world_000018,Unknown,True,True,True,True
eval_world_000018,Unknown,True,True,True,True
eval_world_000018,Unknown,True,True,True,True
eval_world_000018,Unknown,True,True,True,True
eval_world_000018,False,True,True,True,True
eval_world_000018,False,True,True,True,True
eval_world_000018,False,True,False,False,False
eval_world_000018,False,True,False,False,False
eval_world_000018,False,True,True,True,True
eval_world_000018,False,True,True,True,True
eval_world_000018,False,True,False,False,False
eval_world_000018,False,True,False,False,False
eval_world_000018,False,True,True,True,True
eval_world_000018,False,True,True,False,False
eval_world_000018,False,False,False,False,False
eval_world_000018,False,False,False,False,False
eval_world_000018,False,True,True,True,True
eval_world_000018,False,True,True,False,False
eval_world_000018,False,False,False,False,False
eval_world_000018,False,False,False,False,False
eval_world_000018,True,True,True,True,True
eval_world_000018,True,True,True,True,True
eval_world_000018,True,True,True,Unknown,Unknown
eval_world_000018,True,True,True,True,True
eval_world_000018,True,True,True,True,True
eval_world_000018,True,True,True,True,True
eval_world_000018,True,True,True,Unknown,Unknown
eval_world_000018,True,True,True,True,True
eval_world_000018,Unknown,True,True,True,True
eval_world_000018,Unknown,True,True,True,True
eval_world_000018,Unknown,True,True,True,True
eval_world_000018,Unknown,True,True,True,True
eval_world_000018,Unknown,True,True,True,True
eval_world_000018,Unknown,True,True,True,True
eval_world_000018,Unknown,True,True,True,True
eval_world_000018,Unknown,True,True,True,True
eval_world_000018,True,True,True,True,True
eval_world_000018,True,True,True,True,True
eval_world_000018,True,True,True,True,True
eval_world_000018,True,True,True,True,True
eval_world_000018,True,True,True,True,True
eval_world_000018,True,True,True,True,True
eval_world_000018,True,True,True,True,True
eval_world_000018,True,True,True,True,True
eval_world_000019,False,True,True,True,True
eval_world_000019,False,True,True,True,True
eval_world_000019,False,True,True,True,True
eval_world_000019,False,True,True,True,True
eval_world_000019,False,True,True,True,True
eval_world_000019,False,True,True,True,True
eval_world_000019,False,True,True,True,True
eval_world_000019,False,True,True,True,True
eval_world_000019,False,True,True,True,False
eval_world_000019,False,False,False,False,False
eval_world_000019,False,False,False,False,False
eval_world_000019,False,True,True,False,False
eval_world_000019,False,True,True,True,False
eval_world_000019,False,False,False,False,False
eval_world_000019,False,False,False,False,False
eval_world_000019,False,True,True,False,False
eval_world_000019,True,True,True,True,True
eval_world_000019,True,True,True,True,True
eval_world_000019,True,True,True,True,True
eval_world_000019,True,True,True,True,True
eval_world_000019,True,True,True,True,True
eval_world_000019,True,True,True,True,True
eval_world_000019,True,True,True,True,True
eval_world_000019,True,True,True,True,True
eval_world_000019,Unknown,True,True,True,True
eval_world_000019,Unknown,True,True,True,True
eval_world_000019,Unknown,True,True,True,True
eval_world_000019,Unknown,True,True,True,True
eval_world_000019,Unknown,True,True,True,True
eval_world_000019,Unknown,True,True,True,True
eval_world_000019,Unknown,True,True,True,True
eval_world_000019,Unknown,True,True,True,True
eval_world_000019,Unknown,True,True,True,True
eval_world_000019,Unknown,True,True,True,True
eval_world_000019,Unknown,True,True,True,True
eval_world_000019,Unknown,True,True,True,True
eval_world_000019,Unknown,True,True,True,True
eval_world_000019,Unknown,True,True,True,True
eval_world_000019,Unknown,True,True,True,True
eval_world_000019,Unknown,True,True,True,True
eval_world_000019,Unknown,True,True,True,True
eval_world_000019,Unknown,True,True,True,True
eval_world_000019,Unknown,True,True,True,True
eval_world_000019,Unknown,True,True,True,True
eval_world_000019,Unknown,True,True,True,True
eval_world_000019,Unknown,True,True,True,True
eval_world_000019,Unknown,True,True,True,True
eval_world_000019,Unknown,True,True,True,True
eval_world_000019,True,True,True,True,True
eval_world_000019,True,True,True,True,True
eval_world_000019,True,True,True,True,True
eval_world_000019,True,True,True,True,True
eval_world_000019,True,True,True,True,True
eval_world_000019,True,True,True,True,True
eval_world_000019,True,True,True,True,True
eval_world_000019,True,True,True,True,True
eval_world_000019,True,True,True,True,True
eval_world_000019,True,True,True,True,True
eval_world_000019,True,True,True,True,True
eval_world_000019,True,True,True,True,True
eval_world_000019,True,True,True,True,True
eval_world_000019,True,True,True,True,True
eval_world_000019,True,True,True,True,True
eval_world_000019,True,True,True,True,True
eval_world_000019,False,True,True,True,False
eval_world_000019,False,False,False,False,False
eval_world_000019,False,True,False,False,False
eval_world_000019,False,True,True,True,False
eval_world_000019,False,True,True,True,False
eval_world_000019,False,False,False,False,False
eval_world_000019,False,True,False,False,False
eval_world_000019,False,True,True,True,False
